video,trait,selectedCnt,totalCnt,perceived,actual
f5853adc98_4.mp4,o,4,4,1.0,0.25
dfbe16e76b_6.mp4,o,0,14,0.0,0.0
50a13bf3e8_4.mp4,c,3,4,0.75,1.0
d471c3cc18_16.mp4,c,1,4,0.25,0.5
a1efe8642e_4.mp4,e,0,4,0.0,0.25
0ebcafdc7c_27.mp4,e,4,4,1.0,0.5
0e90f800ce_17.mp4,a,7,18,0.2,1.0
7bd0303cc6_21.mp4,a,1,4,0.25,0.75
7a393124cb_19.mp4,n,1,4,0.25,0.5
dfbe16e76b_43.mp4,n,5,9,0.6,1.0
2630e932f0_36.mp4,o,17,29,0.45,0.0
e388d3c0f1_2.mp4,o,4,5,0.8,0.75
e3a65645cf_6.mp4,c,0,5,0.0,0.25
7bd0303cc6_11.mp4,c,5,5,1.0,0.75
84125c414e_14.mp4,e,17,19,0.4,0.0
8672769492_58.mp4,e,0,5,0.0,0.75
178581d0ed_17.mp4,a,1,5,0.2,0.0
720fccf6b1_49.mp4,a,4,5,0.8,0.25
3eeda30ea0_18.mp4,n,0,5,0.0,0.25
5990ff1239_31.mp4,n,5,5,0.8,0.75
4fdabf2807_2.mp4,o,5,5,1.0,0.75
4fdf48c5b7_23.mp4,c,16,19,0.8421052631578947,0.0
7770f52caa_1.mp4,c,0,5,0.0,0.5
e8de8bb4d0_22.mp4,e,5,5,1.0,0.5
d858a95536_11.mp4,e,0,5,0.0,1.0
f1d34d8f6a_1.mp4,a,0,5,0.6,0.0
53f9b0471a_10.mp4,a,5,5,0.6,0.75
429cca71a9_6.mp4,n,2,5,0.4,0.0
dfbe16e76b_3.mp4,n,8,10,0.6,1.0
b5fc108b5d_8.mp4,o,1,5,0.2,0.5
2630e932f0_71.mp4,o,25,39,0.6410256410256411,1.0
0ebcafdc7c_5.mp4,c,3,5,0.6,0.25
2db735a1d8_14.mp4,c,2,5,0.4,0.75
ad46005343_1.mp4,e,14,20,0.7,0.75
d858a95536_57.mp4,e,0,5,0.0,1.0
4274b5c7b4_5.mp4,a,4,5,0.8,0.5
9369d89203_4.mp4,a,1,5,0.2,0.75
4fdf48c5b7_49.mp4,n,4,5,0.8,0.75
540c0cba0a_36.mp4,n,1,5,0.2,0.0
2598d31ae3_7.mp4,o,2,5,0.4,0.75
4cb2b138db_2.mp4,c,1,5,0.2,0.75
0a368dff45_26.mp4,c,4,5,0.8,0.0
b8a4c17fbe_10.mp4,e,4,5,0.8,0.5
d858a95536_81.mp4,e,2,10,0.4,0.75
dfbe16e76b_41.mp4,a,3,10,0.4,0.75
21a3ee3f47_15.mp4,a,8,10,0.8,0.75
0e90f800ce_51.mp4,n,3,5,0.2,1.0
ef2f7d7dbf_75.mp4,n,2,5,0.4,0.25
2630e932f0_48.mp4,o,4,5,0.8,0.75
f30a397b0c_30.mp4,o,1,5,0.2,0.25
9471a6fc08_4.mp4,c,5,5,1.0,0.25
04ce952d75_53.mp4,c,0,5,0.0,0.75
1ffcdc3b90_4.mp4,e,2,5,0.4,0.25
4d1a00e372_67.mp4,a,8,9,0.8888888888888888,0.75
dfbe16e76b_30.mp4,a,1,5,0.6666666666666666,1.0
40bb63a7fd_7.mp4,n,0,5,0.0,0.5
0e90f800ce_5.mp4,n,5,5,1.0,1.0
2630e932f0_47.mp4,o,20,29,0.6896551724137931,1.0
2630e932f0_63.mp4,o,3,5,0.6,0.75
1e93810269_12.mp4,c,1,5,0.2,0.5
d858a95536_27.mp4,c,4,5,0.8,0.75
8672769492_40.mp4,e,4,5,0.8,0.5
049dbc8289_60.mp4,a,3,5,0.6,0.25
7c64f6cfe4_13.mp4,a,2,5,0.4,0.0
4fdf48c5b7_40.mp4,n,13,20,0.6,1.0
400f09a2d4_10.mp4,n,1,5,0.2,0.25
3d6139bba9_9.mp4,o,4,5,0.8,0.5
2d3a17b517_23.mp4,o,11,44,0.25,1.0
4fdf48c5b7_10.mp4,c,9,10,0.9,0.0
d858a95536_40.mp4,c,1,5,0.2,0.75
068371806d_37.mp4,e,4,10,0.4,0.0
d858a95536_21.mp4,e,2,5,0.4,1.0
1a0f97af1e_11.mp4,a,3,5,0.6,0.0
7bd0303cc6_89.mp4,a,2,5,0.4,0.75
53f9b0471a_10.mp4,n,3,5,0.6,0.75
d88213a113_5.mp4,n,2,5,0.4,0.0
0e90f800ce_7.mp4,o,1,5,0.3,1.0
d88213a113_13.mp4,o,6,10,0.6,0.25
191440ca5c_8.mp4,c,7,10,0.7,1.0
446caa6f5f_42.mp4,c,1,5,0.2,0.75
a2dd854c9c_20.mp4,e,5,5,1.0,0.5
d858a95536_51.mp4,e,0,5,0.0,1.0
a09347dde8_1.mp4,a,3,5,0.6,0.0
e360674f8b_25.mp4,a,2,5,0.4,0.25
800ea6fc4a_12.mp4,n,1,5,0.2,0.0
4d1a00e372_43.mp4,n,4,5,0.8,0.5
867fdcccc1_3.mp4,o,2,5,0.4,0.75
ee966ce916_17.mp4,o,3,5,0.6,0.5
720fccf6b1_28.mp4,c,2,5,0.4,0.75
dfbe16e76b_7.mp4,c,7,9,0.7777777777777778,1.0
4d1a00e372_33.mp4,e,0,5,0.0,0.75
4f2dda223f_12.mp4,e,7,10,0.7,0.0
b455f02826_4.mp4,a,3,5,0.6,0.25
1a0f97af1e_52.mp4,a,2,5,0.4,0.0
82ab936b7a_5.mp4,n,3,5,0.6,0.0
b2f72bb343_3.mp4,n,2,5,0.4,0.25
dfbe16e76b_16.mp4,o,1,5,0.4,0.75
acb1aa28ab_15.mp4,c,0,5,0.2,0.0
4fdf48c5b7_24.mp4,c,9,10,0.9,0.0
36348f998e_9.mp4,e,2,5,0.4,0.5
9928319982_7.mp4,e,3,5,0.6,0.75
0e90f800ce_51.mp4,a,2,10,0.2,1.0
86410175f1_14.mp4,a,4,5,0.8,0.75
0a6455dbb0_51.mp4,n,0,5,0.0,0.25
dabac09516_5.mp4,n,5,5,1.0,0.0
7bd0303cc6_67.mp4,o,2,5,0.4,0.75
2630e932f0_8.mp4,o,21,30,0.7,1.0
d858a95536_49.mp4,c,2,15,0.13333333333333333,1.0
2d2593a005_2.mp4,c,3,5,0.6,0.5
e78f9ed094_27.mp4,e,1,5,0.2,0.25
e4ec916c5d_6.mp4,e,4,5,0.8,0.5
2cb5b3df8d_28.mp4,a,1,5,0.2,0.5
dfbe16e76b_8.mp4,a,4,5,0.8,0.75
40bb63a7fd_61.mp4,n,3,10,0.3,0.75
dfbe16e76b_24.mp4,n,11,14,0.7857142857142857,1.0
6474d3ca38_22.mp4,o,3,5,0.6,0.75
222c522dd4_28.mp4,o,3,10,0.3,0.0
4fdf48c5b7_6.mp4,c,10,10,1.0,0.0
d858a95536_19.mp4,e,0,5,0.0,1.0
8c8de3ceb3_8.mp4,e,5,5,1.0,0.25
f410feada7_7.mp4,a,4,5,0.8,0.0
2cb5b3df8d_52.mp4,a,1,5,0.2,0.5
6df776419c_18.mp4,n,1,5,0.2,0.5
323d340cd3_16.mp4,n,4,5,0.8,0.25
f5853adc98_45.mp4,o,2,5,0.4,0.25
2630e932f0_36.mp4,c,9,20,0.45,0.0
f0df37c7c2_3.mp4,c,3,5,0.6,0.5
720fccf6b1_7.mp4,e,2,5,0.4,0.75
e8de8bb4d0_24.mp4,e,3,5,0.6,0.5
3c4a508a2b_2.mp4,a,2,5,0.4,0.25
dfbe16e76b_13.mp4,a,5,10,0.5,0.75
f3dee66e8b_29.mp4,n,3,5,0.6,0.5
0e90f800ce_24.mp4,n,2,5,0.4,1.0
d858a95536_56.mp4,c,0,5,0.0,0.75
0014697d89_8.mp4,e,2,5,0.4,0.25
720fccf6b1_68.mp4,e,3,5,0.6,1.0
049dbc8289_49.mp4,a,3,5,0.6,0.5
5990ff1239_7.mp4,a,2,5,1.0,0.5
0e90f800ce_4.mp4,n,3,10,0.2,1.0
b056ba1559_2.mp4,o,4,5,0.8,0.5
d858a95536_106.mp4,o,1,5,0.2,0.0
84125c414e_14.mp4,c,2,5,0.4,0.0
4c08eeaf99_106.mp4,c,3,5,0.6,0.25
720fccf6b1_66.mp4,e,1,5,0.2,0.75
6474d3ca38_8.mp4,e,4,5,0.8,0.5
0e90f800ce_3.mp4,a,3,9,0.6,1.0
9471a6fc08_2.mp4,a,3,5,0.6,0.25
f5853adc98_32.mp4,n,2,5,0.4,0.25
720fccf6b1_27.mp4,n,3,5,0.6,0.5
f30a397b0c_36.mp4,o,3,4,0.75,0.5
2630e932f0_49.mp4,c,0,4,0.0,0.25
0b1b1a67eb_25.mp4,c,4,4,1.0,1.0
4c08eeaf99_32.mp4,e,2,4,0.5,0.25
858997d38f_1.mp4,e,2,4,0.5,0.75
dfbe16e76b_31.mp4,a,2,4,0.5,0.75
4c08eeaf99_104.mp4,a,2,4,0.5,0.0
178581d0ed_20.mp4,n,0,4,0.8,0.25
0e90f800ce_9.mp4,n,9,9,0.0,0.75
63ace98df3_1.mp4,o,4,9,0.4444444444444444,0.0
1537579da5_5.mp4,c,4,4,1.0,0.5
e893ca6146_9.mp4,c,0,4,0.0,0.25
4c08eeaf99_28.mp4,e,3,4,0.75,0.0
d858a95536_33.mp4,e,1,4,0.25,1.0
0a6455dbb0_123.mp4,a,0,4,0.0,0.5
0e90f800ce_19.mp4,n,8,14,0.2,1.0
8ef33e0102_10.mp4,n,4,9,0.4444444444444444,0.0
2d3a17b517_7.mp4,o,3,4,0.75,0.5
5f94648651_4.mp4,o,1,4,0.25,0.75
b15da5f794_4.mp4,c,4,4,1.0,0.5
540c0cba0a_47.mp4,c,0,4,0.0,0.25
2457d01ae7_45.mp4,e,2,4,0.5,0.5
db8c3db135_11.mp4,e,69,111,0.6216216216216216,1.0
4cb2b138db_3.mp4,a,1,4,0.25,0.0
40bb63a7fd_42.mp4,a,4,9,0.4444444444444444,0.5
dfbe16e76b_30.mp4,n,6,9,0.6666666666666666,1.0
800ea6fc4a_7.mp4,n,0,4,0.0,0.0
c651eb1676_26.mp4,o,3,10,0.3,0.75
4d1a00e372_61.mp4,o,11,15,0.7333333333333333,0.0
dad8f52d67_20.mp4,c,5,5,1.0,0.0
8c8de3ceb3_13.mp4,e,4,5,0.8,0.5
2065891685_5.mp4,e,1,5,0.5,1.0
0601b6267e_12.mp4,a,3,5,0.6,0.25
6ae748905c_1.mp4,a,2,5,0.4,0.0
0014697d89_17.mp4,n,4,5,0.8,0.25
458df279ec_3.mp4,n,3,10,0.3,0.75
e918b859ee_20.mp4,o,5,5,1.0,0.25
99a718fbeb_7.mp4,o,0,5,0.0,0.5
dfbe16e76b_25.mp4,c,1,5,0.2,0.75
4f2dda223f_5.mp4,e,5,5,1.0,0.25
0569fa067c_3.mp4,e,0,5,0.0,0.0
6e8b99814c_24.mp4,a,3,5,0.6,0.0
1537579da5_8.mp4,a,2,5,0.4,0.25
0a6455dbb0_30.mp4,n,1,5,0.2,0.25
2065891685_5.mp4,n,5,10,0.5,1.0
7d3e7dcfc7_25.mp4,o,3,5,0.6,0.75
84fecd8025_10.mp4,o,2,5,0.4,0.5
acb1aa28ab_9.mp4,c,2,5,0.4,0.75
90fa235810_2.mp4,e,0,5,0.0,0.75
446caa6f5f_22.mp4,e,10,10,0.8,0.5
d471c3cc18_12.mp4,a,4,5,0.8,0.25
0e90f800ce_7.mp4,a,3,10,0.3,1.0
540c0cba0a_149.mp4,n,1,5,0.2,0.5
b2f72bb343_17.mp4,n,4,5,0.8,0.0
4fdabf2807_19.mp4,o,3,5,0.6,0.75
720fccf6b1_76.mp4,o,4,10,0.4,0.0
8d0ee9e27f_19.mp4,c,1,5,0.2,0.25
f3dee66e8b_1.mp4,e,4,5,0.8,0.75
068371806d_18.mp4,e,1,5,0.2,0.25
dfbe16e76b_42.mp4,a,2,5,0.4,0.75
c8c00639ec_46.mp4,a,3,5,0.6,0.25
0e90f800ce_11.mp4,n,3,5,0.2,1.0
99a718fbeb_9.mp4,n,2,5,0.4,0.25
7bd0303cc6_14.mp4,o,1,5,0.2,0.75
dfbe16e76b_41.mp4,c,2,5,0.4,0.75
9c0546b173_1.mp4,e,0,5,0.0,0.25
8672769492_5.mp4,a,3,5,0.6,0.5
1ffcdc3b90_19.mp4,a,2,5,0.4,0.25
0b1b1a67eb_13.mp4,n,5,5,1.0,0.25
0a6455dbb0_77.mp4,n,0,5,0.0,0.5
0a6455dbb0_82.mp4,o,1,5,0.2,0.5
2630e932f0_62.mp4,o,25,34,0.7352941176470589,1.0
3065b7b574_17.mp4,c,2,5,0.4,0.75
0ebcafdc7c_15.mp4,c,3,5,0.6,0.25
4274b5c7b4_83.mp4,e,6,10,0.6,0.75
15b660a496_13.mp4,a,3,5,0.6,0.75
21ad80e26e_13.mp4,n,3,5,0.6,0.0
df2b112a9a_6.mp4,o,1,5,0.2,0.5
0a368dff45_30.mp4,c,1,10,0.0,0.5
7ca6b24a30_4.mp4,c,4,5,0.8,0.5
c1805aaff8_1.mp4,e,5,5,1.0,0.5
6e8b99814c_9.mp4,e,0,5,0.0,0.25
63d4150e21_5.mp4,a,4,5,0.8,0.25
7bd0303cc6_2.mp4,a,1,5,0.2,0.75
dfbe16e76b_44.mp4,n,2,5,0.4,0.75
0e90f800ce_3.mp4,n,3,5,0.6,1.0
154ece9b23_16.mp4,o,4,5,0.8,0.75
53f9b0471a_5.mp4,o,1,5,0.2,0.5
9928319982_21.mp4,c,4,5,0.8,1.0
400f09a2d4_29.mp4,c,1,5,0.2,0.25
34525d0742_17.mp4,e,3,5,0.6,0.5
7072033f78_1.mp4,e,2,5,0.4,0.75
7bd0303cc6_58.mp4,a,3,5,0.6,0.75
0e90f800ce_14.mp4,a,4,10,0.6,1.0
068371806d_4.mp4,n,3,5,0.6,0.5
40bb63a7fd_27.mp4,n,2,5,0.4,0.75
b060020015_10.mp4,o,0,5,0.0,0.5
9928319982_9.mp4,c,2,10,0.2,1.0
9d22732682_33.mp4,c,4,5,0.8,0.5
dfbe16e76b_3.mp4,a,3,5,0.6,1.0
09044899e9_3.mp4,a,2,5,0.4,0.75
3aabfe0590_14.mp4,n,3,5,0.6,0.25
86410175f1_20.mp4,n,2,5,0.4,0.75
f1d34d8f6a_11.mp4,o,7,14,0.5,0.0
1a0f97af1e_54.mp4,c,5,5,1.0,1.0
e893ca6146_1.mp4,c,0,5,0.0,0.0
62c05bb425_13.mp4,e,1,5,0.2,0.5
d858a95536_70.mp4,e,4,5,0.35,1.0
df2b112a9a_1.mp4,a,2,5,0.4,0.25
82ab936b7a_17.mp4,a,3,5,0.6,0.0
068371806d_24.mp4,n,4,5,0.8,0.25
81ef830580_17.mp4,n,1,5,0.2,0.5
7072033f78_2.mp4,o,3,5,0.2,0.75
acb1aa28ab_3.mp4,o,2,5,0.4,0.0
98040a6a3b_6.mp4,c,1,5,0.2,0.5
eb87c332e2_25.mp4,e,2,5,0.4,0.25
5990ff1239_21.mp4,a,8,10,0.8,1.0
abbac10d03_9.mp4,n,4,5,0.8,0.25
0e90f800ce_6.mp4,n,4,9,0.3,1.0
9369d89203_9.mp4,o,1,5,0.2,0.5
d858a95536_70.mp4,c,7,20,0.35,1.0
1b3d1fb598_13.mp4,c,4,5,0.8,0.25
0a6455dbb0_73.mp4,e,3,5,0.6,0.25
faf57b8b8a_4.mp4,a,3,5,0.6,0.0
222c522dd4_25.mp4,n,9,10,0.9,0.5
446caa6f5f_82.mp4,o,3,10,0.2,0.75
d858a95536_31.mp4,c,2,5,0.4,0.5
eb87c332e2_5.mp4,c,3,5,0.6,0.0
0569fa067c_2.mp4,e,1,10,0.1,0.0
54e727b94e_10.mp4,e,5,5,1.0,0.5
f1f80e5aa0_12.mp4,a,4,5,0.8,0.0
049dbc8289_24.mp4,a,1,5,0.2,0.25
4c08eeaf99_83.mp4,n,2,5,0.4,0.25
4fdf48c5b7_41.mp4,n,3,5,0.6,0.5
396d13c339_3.mp4,o,7,15,0.4666666666666667,0.0
f7c3f8989b_38.mp4,o,5,5,1.0,0.5
0b1b1a67eb_26.mp4,c,3,5,0.6,0.25
d858a95536_43.mp4,c,2,5,0.4,1.0
59b679006a_4.mp4,e,1,5,0.2,0.5
1e93810269_6.mp4,a,3,5,0.6,0.0
c651eb1676_29.mp4,a,2,5,0.4,0.75
068371806d_1.mp4,n,1,5,0.2,0.75
e8477b04ec_58.mp4,n,4,5,0.8,0.5
4fdf48c5b7_43.mp4,o,2,5,0.4,0.75
8c8de3ceb3_47.mp4,c,3,5,0.6,0.5
c8c00639ec_39.mp4,e,3,5,0.6,0.25
4fdf48c5b7_49.mp4,a,4,5,0.8,0.75
800ea6fc4a_12.mp4,a,1,5,0.2,0.0
4274b5c7b4_7.mp4,n,1,5,0.2,0.5
5990ff1239_9.mp4,n,4,5,0.8,0.75
0a6455dbb0_96.mp4,o,3,5,0.6,0.25
c8c00639ec_48.mp4,c,1,5,0.2,0.25
9928319982_6.mp4,c,4,5,0.8,1.0
e8de8bb4d0_8.mp4,e,2,5,0.4,0.5
6ae748905c_4.mp4,e,3,5,0.6,0.25
446caa6f5f_14.mp4,a,1,5,1.0,0.0
5990ff1239_21.mp4,n,12,15,0.8,1.0
21a3ee3f47_11.mp4,n,2,5,0.25,0.75
2630e932f0_37.mp4,o,4,4,1.0,0.75
0a368dff45_30.mp4,o,0,4,0.0,0.5
2457d01ae7_16.mp4,c,0,4,0.0,0.75
4fdf48c5b7_69.mp4,e,0,9,1.0,0.25
e78f9ed094_9.mp4,e,4,4,1.0,0.25
d8367d3dac_2.mp4,a,3,4,0.5,0.75
7bd0303cc6_45.mp4,a,1,4,0.25,0.5
dfbe16e76b_40.mp4,n,1,4,0.25,0.75
ef2f7d7dbf_43.mp4,o,5,15,0.3333333333333333,0.0
156f806a6c_4.mp4,c,3,5,0.6,0.75
f1f80e5aa0_11.mp4,c,2,5,0.4,0.25
d858a95536_132.mp4,e,1,5,0.2,0.75
720fccf6b1_94.mp4,e,8,10,0.6,0.5
1e93810269_19.mp4,a,3,5,0.6,0.0
7bd0303cc6_48.mp4,a,2,5,0.4,0.5
95a8d39321_6.mp4,n,3,5,0.6,0.0
54e727b94e_6.mp4,n,2,5,0.4,0.5
8672769492_33.mp4,o,1,5,0.2,0.75
178581d0ed_20.mp4,o,4,5,0.8,0.25
4fdf48c5b7_69.mp4,c,5,5,1.0,0.25
858997d38f_4.mp4,c,0,5,0.0,0.5
acb1aa28ab_15.mp4,e,1,5,0.2,0.0
1a0f97af1e_37.mp4,a,5,5,0.6,0.0
0a6455dbb0_4.mp4,n,1,5,0.2,0.0
e724af57b6_2.mp4,n,4,5,0.8,0.75
dfbe16e76b_35.mp4,o,3,10,0.3,0.0
1a0f97af1e_37.mp4,o,4,5,0.6,0.0
a00da4491f_6.mp4,c,4,5,0.8,0.75
7072033f78_2.mp4,c,1,5,0.2,0.75
252dd328ef_7.mp4,e,0,5,0.6,0.5
068371806d_35.mp4,e,5,5,1.0,0.0
0e90f800ce_4.mp4,a,1,5,0.2,1.0
a00da4491f_6.mp4,a,4,5,0.8,0.75
eb87c332e2_26.mp4,n,3,5,0.6,0.5
d858a95536_20.mp4,c,3,5,0.6,0.75
0129db9d4c_1.mp4,c,2,5,0.4,0.25
e8477b04ec_35.mp4,a,2,5,0.4,0.25
b060020015_6.mp4,a,3,5,0.0,0.75
f2d95ed15e_54.mp4,n,4,5,0.6,0.0
a27d319902_2.mp4,n,1,5,0.2,0.5
526a78c3fe_1.mp4,o,3,5,0.6,0.0
a09347dde8_2.mp4,c,3,5,0.6,0.5
dfbe16e76b_34.mp4,e,1,5,0.5,1.0
e8477b04ec_43.mp4,a,2,5,0.4,0.0
4fdf48c5b7_40.mp4,a,3,5,0.6,1.0
dfbe16e76b_46.mp4,n,3,5,0.8,0.75
9d22732682_29.mp4,o,4,5,0.8,0.5
2fc379ac56_5.mp4,c,0,5,0.0,0.5
4fdf48c5b7_52.mp4,c,5,5,1.0,0.0
156f806a6c_3.mp4,e,4,5,0.8,0.75
720fccf6b1_30.mp4,e,1,5,0.2,1.0
f2d95ed15e_7.mp4,a,2,5,0.4,0.5
dfbe16e76b_18.mp4,a,3,5,0.6,0.75
0e90f800ce_17.mp4,n,1,5,0.2,1.0
9948bda475_16.mp4,n,5,10,0.5,0.25
0a6455dbb0_9.mp4,o,5,5,1.0,0.25
c66e5d3516_6.mp4,c,2,5,0.4,0.25
4c08eeaf99_97.mp4,e,3,5,0.6,0.25
2db735a1d8_6.mp4,a,3,5,0.6,0.25
0e90f800ce_6.mp4,a,3,10,0.3,1.0
40bb63a7fd_25.mp4,n,4,5,0.8,0.5
ca6f968de3_4.mp4,c,0,5,0.0,0.5
dad8f52d67_21.mp4,c,18,20,0.9,0.0
6e8b99814c_5.mp4,a,2,5,0.4,0.0
577a2f5dce_2.mp4,a,3,5,0.6,0.75
8d0ee9e27f_12.mp4,n,0,5,0.0,0.5
8672769492_8.mp4,n,5,5,0.5,0.75
5990ff1239_31.mp4,o,4,5,0.8,0.75
8672769492_62.mp4,c,7,9,0.7777777777777778,1.0
26b07639b1_2.mp4,c,1,5,0.2,0.5
d858a95536_65.mp4,e,3,5,0.6,0.75
4274b5c7b4_69.mp4,e,2,5,0.4,0.5
5990ff1239_26.mp4,a,6,9,0.6666666666666666,0.75
7bd0303cc6_82.mp4,n,3,5,0.6,0.5
2630e932f0_11.mp4,o,4,5,0.8,0.75
5990ff1239_17.mp4,c,0,5,0.0,0.25
dad8f52d67_5.mp4,c,6,9,0.6666666666666666,0.0
4274b5c7b4_85.mp4,e,0,5,0.6,0.75
e893ca6146_6.mp4,e,5,5,1.0,0.25
0a368dff45_26.mp4,a,4,5,0.8,0.0
c8c00639ec_45.mp4,n,1,5,0.2,0.25
ba3c74f901_9.mp4,n,4,5,0.8,0.0
d858a95536_22.mp4,o,3,4,0.75,0.5
0e90f800ce_14.mp4,o,1,4,0.6,1.0
bbd8382a92_5.mp4,c,1,4,0.25,0.25
84125c414e_7.mp4,c,3,4,0.75,0.0
c651eb1676_2.mp4,e,2,4,0.5,0.5
09044899e9_14.mp4,a,2,4,0.5,0.75
400f09a2d4_36.mp4,a,2,4,0.5,0.25
dfbe16e76b_29.mp4,n,2,4,0.2,1.0
d8367d3dac_2.mp4,n,2,4,0.5,0.75
4c08eeaf99_33.mp4,o,4,5,0.8,0.25
04ce952d75_10.mp4,e,5,5,1.0,0.0
dfbc6c5b59_1.mp4,e,0,5,0.0,1.0
dfbe16e76b_34.mp4,a,1,10,0.5,1.0
5990ff1239_15.mp4,a,5,5,1.0,0.75
dabac09516_14.mp4,n,2,5,0.4,0.0
1ffcdc3b90_20.mp4,o,4,5,0.8,0.25
446caa6f5f_8.mp4,c,3,10,0.3,1.0
70b048c138_3.mp4,c,2,5,0.4,0.25
720fccf6b1_36.mp4,e,2,5,0.4,0.75
44feb03f30_1.mp4,e,3,5,0.6,0.25
5485a1453e_15.mp4,a,3,5,0.6,0.25
7bd0303cc6_61.mp4,n,3,5,0.6,0.75
154ece9b23_3.mp4,o,3,5,0.6,0.75
8672769492_42.mp4,o,2,5,0.4,0.25
1b3d1fb598_19.mp4,c,3,5,0.6,0.25
40bb63a7fd_29.mp4,c,2,5,0.4,0.75
ca6f968de3_5.mp4,e,3,5,0.6,0.5
429cca71a9_15.mp4,e,2,5,0.4,0.25
7d3e7dcfc7_20.mp4,a,4,5,0.8,0.75
f2d95ed15e_78.mp4,a,1,5,0.2,0.0
d471c3cc18_7.mp4,n,2,5,0.4,0.0
720fccf6b1_10.mp4,o,6,19,0.3157894736842105,0.0
f3dee66e8b_16.mp4,o,4,4,1.0,0.25
9664967346_9.mp4,c,1,9,0.1111111111111111,0.75
40bb63a7fd_65.mp4,e,3,8,0.375,0.5
5dbe49fbc2_6.mp4,e,1,4,0.25,0.25
21a3ee3f47_11.mp4,a,1,4,0.25,0.75
21ad80e26e_9.mp4,a,3,4,0.75,0.0
4274b5c7b4_51.mp4,n,2,4,0.5,0.5
dfbe16e76b_34.mp4,n,2,4,0.5,1.0
f7c3f8989b_25.mp4,o,1,4,0.25,0.25
db8c3db135_8.mp4,c,1,4,0.25,0.0
5990ff1239_27.mp4,c,3,4,0.75,0.5
40bb63a7fd_56.mp4,a,5,9,0.5555555555555556,0.75
1a0f97af1e_56.mp4,n,1,4,0.25,0.0
96fea3826d_13.mp4,o,4,5,0.8,0.75
cb53507ba5_1.mp4,o,1,5,0.2,0.5
d858a95536_28.mp4,c,5,5,0.2,0.0
3a1838f3bb_8.mp4,c,0,5,0.0,0.25
8672769492_33.mp4,e,1,5,0.2,0.75
0e90f800ce_11.mp4,a,1,5,0.2,1.0
e4ec916c5d_2.mp4,a,4,5,0.8,0.25
7bd0303cc6_97.mp4,n,2,5,0.4,0.5
5dbe49fbc2_10.mp4,n,3,5,0.6,0.25
7072033f78_2.mp4,e,1,5,0.2,0.75
f2d95ed15e_54.mp4,a,3,5,0.6,0.0
dfbe16e76b_16.mp4,a,2,5,0.4,0.75
3aabfe0590_20.mp4,n,3,5,0.6,0.25
f30a397b0c_17.mp4,o,2,5,0.4,0.25
34525d0742_19.mp4,o,3,5,0.6,0.5
abbac10d03_5.mp4,c,3,5,0.6,1.0
8697cd1090_17.mp4,c,2,5,0.4,0.25
f760d38652_3.mp4,e,2,5,0.4,0.25
2630e932f0_3.mp4,e,3,5,0.6,0.5
3065b7b574_11.mp4,a,8,10,0.8,0.5
4fdabf2807_13.mp4,n,0,5,0.0,0.5
7bd0303cc6_34.mp4,n,5,5,1.0,0.75
d858a95536_81.mp4,o,2,5,0.4,0.75
37e770b5d4_1.mp4,c,5,5,0.8,0.75
c651eb1676_16.mp4,e,2,5,0.4,0.5
4b3a4c3a5d_20.mp4,e,3,5,0.6,0.25
d88213a113_7.mp4,a,1,5,0.2,0.0
37e770b5d4_1.mp4,a,4,5,0.8,0.75
dad8f52d67_7.mp4,n,5,5,1.0,0.25
200601ebff_9.mp4,o,1,5,0.2,0.5
d858a95536_79.mp4,c,4,5,0.8,0.75
0e90f800ce_9.mp4,e,0,5,0.0,0.75
446caa6f5f_14.mp4,e,5,5,1.0,0.0
61476146da_10.mp4,a,4,5,0.8,0.5
dfbe16e76b_29.mp4,a,1,5,0.2,1.0
ef2f7d7dbf_86.mp4,n,3,5,0.6,0.0
f7c3f8989b_80.mp4,n,2,5,0.4,0.25
4fdabf2807_3.mp4,o,2,8,0.25,0.5
e3a65645cf_5.mp4,c,3,4,0.75,0.25
db8c3db135_1.mp4,e,4,4,1.0,0.5
d858a95536_128.mp4,e,0,4,0.0,1.0
f5853adc98_22.mp4,a,1,4,0.25,0.25
c651eb1676_136.mp4,n,3,4,0.75,0.75
09044899e9_13.mp4,n,1,4,0.25,0.5
7bd0303cc6_98.mp4,o,1,5,0.2,0.75
f2d95ed15e_71.mp4,c,2,5,0.4,1.0
faf57b8b8a_5.mp4,c,3,5,0.6,0.25
f2d95ed15e_56.mp4,e,0,5,0.0,0.25
4274b5c7b4_107.mp4,a,2,5,0.4,0.5
1a0f97af1e_12.mp4,a,3,5,0.6,0.0
17becab0e7_17.mp4,n,5,5,1.0,0.5
446caa6f5f_77.mp4,n,0,5,0.0,0.0
252dd328ef_7.mp4,o,3,5,0.6,0.5
0c5b027fa3_3.mp4,c,5,5,1.0,0.5
154ece9b23_12.mp4,c,0,5,0.0,0.75
24c1c7e0d3_1.mp4,e,0,5,0.0,0.25
ddae83d7b2_5.mp4,a,4,5,0.8,0.25
0e90f800ce_19.mp4,a,1,5,0.2,1.0
f1d34d8f6a_1.mp4,n,3,5,0.6,0.0
e8de8bb4d0_5.mp4,n,2,5,0.4,0.25
ef2f7d7dbf_94.mp4,o,2,5,0.4,0.25
e5124f7ead_5.mp4,o,3,5,0.6,0.5
6a10f8759a_16.mp4,c,4,5,0.8,0.25
24c1c7e0d3_12.mp4,e,3,5,0.6,0.25
f2d95ed15e_69.mp4,a,3,5,0.6,0.0
0e90f800ce_21.mp4,a,2,5,0.6,1.0
90fa235810_14.mp4,n,5,5,1.0,0.25
d101e676ba_4.mp4,n,0,5,0.0,0.5
4274b5c7b4_3.mp4,o,4,5,0.8,0.75
4fdf48c5b7_19.mp4,c,9,10,0.9,0.0
d858a95536_60.mp4,c,5,10,0.5,1.0
5990ff1239_7.mp4,e,5,5,1.0,0.5
b060020015_6.mp4,e,0,5,0.0,0.75
1e93810269_5.mp4,a,3,5,0.6,0.0
40bb63a7fd_27.mp4,a,2,5,0.4,0.75
161a5444ff_2.mp4,n,4,5,0.8,0.0
5dfe50c99e_6.mp4,n,1,5,0.2,0.25
4fdf48c5b7_17.mp4,o,1,5,0.2,0.75
9f4b6cb3c2_2.mp4,c,4,5,0.8,0.5
e388d3c0f1_1.mp4,c,1,5,0.2,0.25
d101e676ba_11.mp4,e,1,5,0.2,0.5
540c0cba0a_106.mp4,e,4,5,0.8,0.25
dfbe16e76b_43.mp4,a,3,5,0.6,1.0
9664967346_4.mp4,a,2,5,0.4,0.5
f2d95ed15e_64.mp4,n,0,5,0.0,0.25
4c08eeaf99_143.mp4,c,1,5,0.2,0.5
cccd9e16ac_1.mp4,e,5,5,1.0,0.25
a6a618dc02_1.mp4,e,1,10,0.1,0.0
ff2f622b24_9.mp4,a,1,5,0.2,0.5
d471c3cc18_20.mp4,n,2,5,0.4,0.0
0e90f800ce_21.mp4,n,3,5,0.6,1.0
f7c3f8989b_13.mp4,o,4,5,0.8,0.5
dfbe16e76b_17.mp4,o,1,5,0.2,0.0
8672769492_60.mp4,c,5,5,1.0,0.0
e8477b04ec_36.mp4,c,0,5,0.0,0.5
4c08eeaf99_44.mp4,e,4,5,0.8,0.25
446caa6f5f_59.mp4,n,0,5,0.0,0.25
d858a95536_131.mp4,c,3,5,0.6,1.0
4c08eeaf99_31.mp4,c,2,5,0.4,0.25
068371806d_33.mp4,e,2,5,0.4,0.0
84125c414e_6.mp4,e,3,5,0.6,0.25
24c1c7e0d3_18.mp4,a,1,5,0.2,0.5
4274b5c7b4_31.mp4,a,4,5,0.8,0.25
63d4150e21_13.mp4,n,2,5,0.4,0.5
4274b5c7b4_85.mp4,n,3,5,0.6,0.75
4274b5c7b4_37.mp4,o,3,5,0.6,0.25
e0f26547d1_4.mp4,c,0,5,0.0,0.75
446caa6f5f_21.mp4,e,2,5,0.4,0.0
f2d95ed15e_14.mp4,a,4,5,0.8,0.25
b573489dbe_1.mp4,a,1,10,0.1,0.0
f8ade0f42f_7.mp4,n,0,5,0.0,0.25
0e90f800ce_45.mp4,o,1,5,0.2,0.75
dfbe16e76b_23.mp4,c,5,5,1.0,0.75
9d22732682_19.mp4,e,1,5,0.2,0.5
9d22732682_44.mp4,a,2,5,0.4,0.5
dfbe16e76b_48.mp4,a,3,5,0.6,1.0
1a0f97af1e_37.mp4,n,3,5,0.6,0.0
2197da9321_13.mp4,n,2,5,0.4,0.25
5dbe49fbc2_30.mp4,o,1,5,0.2,0.25
5dbe49fbc2_39.mp4,c,1,5,0.2,0.5
4c08eeaf99_52.mp4,c,4,5,0.8,0.25
ef2f7d7dbf_64.mp4,e,1,5,0.2,0.5
a6d5d38e52_2.mp4,a,4,5,0.8,0.25
4b3a4c3a5d_3.mp4,a,1,5,0.2,0.5
21ad80e26e_15.mp4,n,1,5,0.2,0.0
8672769492_13.mp4,n,4,5,0.8,0.75
404cb61dd9_2.mp4,c,4,4,1.0,0.25
1537579da5_6.mp4,c,0,4,0.0,0.5
9369d89203_7.mp4,e,3,4,0.75,0.75
068371806d_36.mp4,e,1,4,0.25,0.0
2630e932f0_67.mp4,a,1,4,0.25,0.5
720fccf6b1_47.mp4,a,3,4,0.75,0.25
ca8d046ddd_1.mp4,n,3,4,0.75,0.0
d36034bdbf_6.mp4,n,1,4,0.25,0.5
f2d95ed15e_47.mp4,o,1,5,0.2,0.75
dfbe16e76b_46.mp4,c,4,5,0.8,0.75
44feb03f30_8.mp4,c,1,5,0.2,0.5
446caa6f5f_80.mp4,e,5,5,1.0,0.25
04ce952d75_53.mp4,a,0,5,0.0,0.75
54e727b94e_4.mp4,a,5,5,1.0,0.5
0a6455dbb0_3.mp4,n,4,5,0.8,0.0
2630e932f0_70.mp4,n,1,5,0.2,0.5
8ef33e0102_5.mp4,o,2,5,0.4,0.25
446caa6f5f_82.mp4,c,1,5,0.2,0.75
d858a95536_42.mp4,c,4,5,0.8,1.0
0a368dff45_2.mp4,e,0,5,0.0,0.25
2cb5b3df8d_51.mp4,e,5,5,1.0,0.0
d858a95536_28.mp4,a,1,5,0.2,0.0
62c05bb425_7.mp4,a,4,5,0.8,0.25
f2d95ed15e_25.mp4,n,1,5,0.2,0.25
d858a95536_105.mp4,o,3,4,0.75,0.25
4fdf48c5b7_16.mp4,c,1,4,0.25,0.0
8672769492_8.mp4,a,2,4,0.5,0.75
f3dee66e8b_24.mp4,n,0,9,0.0,0.75
dfbe16e76b_49.mp4,n,4,4,1.0,1.0
f30a397b0c_6.mp4,o,2,5,0.4,0.5
d858a95536_17.mp4,c,2,10,0.2,1.0
8672769492_19.mp4,c,3,5,0.6,0.75
540c0cba0a_206.mp4,e,0,5,0.0,0.5
8afeea2583_8.mp4,a,3,5,0.6,0.25
0882d04c8b_3.mp4,n,4,5,0.8,0.0
8c8de3ceb3_30.mp4,n,1,5,0.2,0.25
4fdf48c5b7_30.mp4,o,3,5,0.6,0.75
9928319982_15.mp4,c,0,5,0.0,1.0
db8c3db135_2.mp4,e,5,5,1.0,0.75
4b08571b97_9.mp4,a,3,5,0.6,0.25
dabac09516_2.mp4,a,2,5,0.4,0.0
6474d3ca38_10.mp4,n,1,5,0.2,0.5
4fdf48c5b7_42.mp4,o,1,5,0.2,0.75
4274b5c7b4_53.mp4,c,5,5,1.0,0.75
d471c3cc18_9.mp4,e,4,5,0.8,0.25
d858a95536_111.mp4,e,1,5,0.2,0.5
0e90f800ce_5.mp4,a,5,5,1.0,1.0
21ad80e26e_5.mp4,n,2,5,0.4,0.0
0e90f800ce_14.mp4,n,3,5,0.6,1.0
852d9942d3_4.mp4,o,2,5,0.4,0.0
9928319982_12.mp4,c,0,5,0.0,0.75
ef2f7d7dbf_84.mp4,a,3,5,0.6,0.25
1b3d1fb598_18.mp4,o,1,5,0.2,0.5
2cb5b3df8d_63.mp4,o,4,5,0.8,0.25
720fccf6b1_94.mp4,c,3,5,0.6,0.5
9664967346_5.mp4,c,2,5,0.4,1.0
d858a95536_110.mp4,e,2,5,0.4,0.75
daca3c1672_14.mp4,e,3,5,0.6,0.5
4274b5c7b4_36.mp4,a,2,5,0.4,0.5
8d0ee9e27f_17.mp4,a,3,5,0.6,0.25
446caa6f5f_29.mp4,n,0,5,0.0,0.25
446caa6f5f_22.mp4,o,4,5,0.8,0.5
97ab48dd55_13.mp4,c,4,5,0.8,0.5
9928319982_13.mp4,c,1,5,0.2,1.0
90fa235810_1.mp4,e,0,5,0.0,0.5
d88213a113_9.mp4,a,3,5,0.6,0.0
8672769492_21.mp4,a,2,5,0.4,0.75
e8de8bb4d0_36.mp4,n,4,5,0.8,0.5
21ad80e26e_10.mp4,n,1,5,0.2,0.0
2cb5b3df8d_86.mp4,c,2,5,0.4,0.5
1ffcdc3b90_11.mp4,c,3,5,0.6,0.25
e8de8bb4d0_14.mp4,e,3,5,0.6,0.5
53f9b0471a_4.mp4,a,2,5,0.4,0.75
cccd9e16ac_2.mp4,a,3,5,0.6,0.0
540c0cba0a_32.mp4,n,2,5,0.4,0.5
d858a95536_54.mp4,n,3,5,0.6,0.0
